From,To,Amount,Link
"Amit Verma","Nisha Verma","268 XLM","https://stellar.expert/explorer/testnet/tx/2eab71f9fd0a65d5a597661eed2656e401aa44dd860c62c55b8d1b1229c6ef6b"
"Nisha Verma (Escrow Release)","Nisha Verma","143 XLM","https://stellar.expert/explorer/testnet/tx/a9c0c436af6f884f94e63f59a0a89999fef2f4554bebc4a2def35a3474f7d4ec"
"Priya Reddy","Vikram Reddy","417 XLM","https://stellar.expert/explorer/testnet/tx/eef366a1c7dd4afe5b1df9af60e24e4583021d30083ec4185b2e8f58f1d77317"
"Vikram Reddy (Escrow Release)","Vikram Reddy","256 XLM","https://stellar.expert/explorer/testnet/tx/35bc8574b4e2f3891aa9e85b94688ba6622089e2d5757f5c9ac9e6b0304d1088"
"Rajesh Kumar","Neha Kumar","200 XLM","https://stellar.expert/explorer/testnet/tx/f7079938fef28598f86096218dad19cc7d9c11119037fd6033bcd16dc3fecb60"
"Neha Kumar (Escrow Release)","Neha Kumar","54 XLM","https://stellar.expert/explorer/testnet/tx/bd36d76e474fa7a0cacea470af8c81865e17181bfbcb6a5491ff51e9b9226d62"
"Sunita Joshi","Rohan Joshi","413 XLM","https://stellar.expert/explorer/testnet/tx/d8006af7316811f34f5ad49dbda0247f9057ddf28d0fd8b7bd63c9348086bf7d"
"Rohan Joshi (Escrow Release)","Rohan Joshi","114 XLM","https://stellar.expert/explorer/testnet/tx/63a2a5af5883f1d1e4496198b7451dcc3f96e2c4d25ad7578300c5340a3d8215"
"Anil Singh","Tara Singh","303 XLM","https://stellar.expert/explorer/testnet/tx/2ba5b98b141d547568167dcf341e0f56b982b435bca2f3f018d41d1586b696b7"
"Tara Singh (Escrow Release)","Tara Singh","177 XLM","https://stellar.expert/explorer/testnet/tx/9bdf00a12077bc8320abfbbd412e0e4c20a54267e6e0eb89bf8d379a595eeaba"
"Vikram Reddy","IIT Bombay (Tuition)","150 XLM","https://stellar.expert/explorer/testnet/tx/b7d89bb503bc9c4ff1380c3b75021512c1b876dd63cc3cd5a7c58475ea7d992"
"Neha Kumar","IIT Bombay (Tuition)","120 XLM","https://stellar.expert/explorer/testnet/tx/bad60208290ced9b07a48f898caaab5363225630d6232a7e520096acb61c20ba"
"Rohan Joshi","Delhi University (Tuition)","280 XLM","https://stellar.expert/explorer/testnet/tx/b3e4b6c04b4d800f779302f459f37bad9bd58d2d2e496a6d72ac30737dc7e6b5"
"Tara Singh","Delhi University (Tuition)","126 XLM","https://stellar.expert/explorer/testnet/tx/15ceaff603d915ff0a9d5817f05698609a8b1958a046f71b52ddf7091b6db236"
"Nisha Verma","IIT Bombay (Tuition)","110 XLM","https://stellar.expert/explorer/testnet/tx/5abf09d6fcbd78012a90a31de8db6f3e858af56098dc01575d5b39aef5161401"
"Reyansh Singh (Escrow Release)","Reyansh Singh","293 XLM","https://stellar.expert/explorer/testnet/tx/e87ca49f5e9d930deaa093630b56540cc5d024cf20fa2e37053830bfb5bc6fd2"
"Raj Chauhan","Ishaan Chauhan","438 XLM","https://stellar.expert/explorer/testnet/tx/4a5b19b428b9d27322e65a68924a6cd25d9cdf10178b1fb4542f045cb77f88b0"
"Raj Rao","Neha Rao","184 XLM","https://stellar.expert/explorer/testnet/tx/98b846365d115d45582eae5dbae8c7b2e7586b699af9a3221d0951124af815cd"
"Rakesh Joshi (Escrow Release)","Rakesh Joshi","334 XLM","https://stellar.expert/explorer/testnet/tx/f64c27c175898277d8671f3ccd02d014d839a75ce9f323286fe7700388dc26ed"
"Krishna Iyer (Escrow Release)","Krishna Iyer","304 XLM","https://stellar.expert/explorer/testnet/tx/048cba6a1c3c93b89fc5403fe38d06d949eb84a758e6aa3d9882b5730dda3910"
"Raj Bhat","Sunil Bhat","146 XLM","https://stellar.expert/explorer/testnet/tx/b8f7b27e674dc2959b1fb83d4eeed16a72f2f495ff5b19e59f0510d242d6e9db"
"Raj Patel","Arjun Patel","183 XLM","https://stellar.expert/explorer/testnet/tx/634610dc35a684b37508d4a9de0e93b4583792ca487cd7c673372c0a9839462a"
"Raj Rao","Raj Rao","97 XLM","https://stellar.expert/explorer/testnet/tx/bc944d9a6672a86fc6e4ad3abc6d68cb4066e2f9aeaeefb2ea9be36b468907ea"
"Vikram Iyer (Escrow Release)","Vikram Iyer","173 XLM","https://stellar.expert/explorer/testnet/tx/1526985480ebc6bd9b4816d6d6419b9ea34add9bcece5473f780ad10496e05c8"
"Pihu Iyer (Escrow Release)","Pihu Iyer","155 XLM","https://stellar.expert/explorer/testnet/tx/6058e62cc4c0ce0a2598d103fdca19a23603a9de84ce1b337f92c880b3229753"
"Nisha Joshi (Escrow Release)","Nisha Joshi","255 XLM","https://stellar.expert/explorer/testnet/tx/c4e9eae06de2e3dea4f8e11e3975c8f881300110275f4057c829072c6c3bb119"
"Amit Rajput (Escrow Release)","Amit Rajput","158 XLM","https://stellar.expert/explorer/testnet/tx/9e8134fafaa13e618e863bac50a5f9450431b6905eefd835f84717e6ea24bb29"
"Avni Rao (Escrow Release)","Avni Rao","162 XLM","https://stellar.expert/explorer/testnet/tx/d983532c97cc885e3d0ec1c86e5e5b896c2e3e07a4dc45ccd177be2d4bc0518c"
"Raj Rajput","Reyansh Rajput","261 XLM","https://stellar.expert/explorer/testnet/tx/bc7a4a3d5ae7791ad1223c380c07395816a1d240e274b42cbf9e83f7489f8fc1"
"Ananya Bhat (Escrow Release)","Ananya Bhat","174 XLM","https://stellar.expert/explorer/testnet/tx/931c1db04b94b8b2864b147226f82806855420c05f243783c26fc49a91dcf9c6"
"Aditya Nair (Escrow Release)","Aditya Nair","371 XLM","https://stellar.expert/explorer/testnet/tx/882cdeed0f520aaefb45705a75f97a77e53fca19d12e65cdb7c8e8bbdb97e203"
"Rahul Iyer (Escrow Release)","Rahul Iyer","177 XLM","https://stellar.expert/explorer/testnet/tx/229039f51f42fd4ac98e3e8e3cbd4d5e7ec18e663ed98381af61419b12830f6a"
"Raj Gupta","Ravi Gupta","225 XLM","https://stellar.expert/explorer/testnet/tx/05dbef2b30bacbca60e5a988b38e7fd3dd46b7f7ae918b739cd1db959312c2c3"
"Kavya Reddy (Escrow Release)","Kavya Reddy","214 XLM","https://stellar.expert/explorer/testnet/tx/e4bac49a97706d4841d95703ed3073e95b5e6b45baa0360744fdefe4a3eab547"
"Aarav Rajput (Escrow Release)","Aarav Rajput","301 XLM","https://stellar.expert/explorer/testnet/tx/36cccefb11f867256171f363e557755d32be686eff184a6bd989a46cfd3f634d"
"Raj Singh","Aarav Singh","188 XLM","https://stellar.expert/explorer/testnet/tx/94b9af10ebff0c754e53491176385ae28ada22aaffea3da71f91edfcf94e0237"
"Pihu Menon (Escrow Release)","Pihu Menon","215 XLM","https://stellar.expert/explorer/testnet/tx/73c22329f974c773136fcff0f7cf9127c4a353e24a42adb73c49528a06185571"
"Ravi Sharma (Escrow Release)","Ravi Sharma","415 XLM","https://stellar.expert/explorer/testnet/tx/96d254a95ccd6ed7a0dd488ec0ff899adb907edd231db334d07b7783692438f9"
"Raj Nair","Avni Nair","458 XLM","https://stellar.expert/explorer/testnet/tx/dad1db1c786db6fe5879df6b3f0efa6d0d0c49dcc718736e045ba7f4b7409db8"
"Raj Malhotra","Rakesh Malhotra","273 XLM","https://stellar.expert/explorer/testnet/tx/051b75a7910a7fb758bf1acea811f0bec1e9d1524ab93004def26f2300091968"
"Kavya Khanna (Escrow Release)","Kavya Khanna","495 XLM","https://stellar.expert/explorer/testnet/tx/881b730dbc47ce0b6e2fbb972c2fc049cac08fc04044648e4220f07a63b03975"
"Raj Nair","Rakesh Nair","404 XLM","https://stellar.expert/explorer/testnet/tx/556f71e58e304a294dfe4f8ad88ee3f8e22a85ccd5bc36266bf4877cdaca70d5"
"Aarav Mehta (Escrow Release)","Aarav Mehta","208 XLM","https://stellar.expert/explorer/testnet/tx/e12af1c24fe8281a1d0c2b950245ce10a0f93956230fa7e6baedd533523c6510"
"Anjali Rajput (Escrow Release)","Anjali Rajput","270 XLM","https://stellar.expert/explorer/testnet/tx/d9c52f732f4065e57a1863419dbf476dd5ea559c96f80edf401ab782b7215854"
"Ishaan Gupta (Escrow Release)","Ishaan Gupta","57 XLM","https://stellar.expert/explorer/testnet/tx/2ca7a5c1875f1240155d4848371a9ffb9ecb3870f9ff18a33042fe8065cc963e"
"Aarav Nair (Escrow Release)","Aarav Nair","194 XLM","https://stellar.expert/explorer/testnet/tx/ad246aac56bc43b06fb07f3e289deea35cad0001651f19df64910b0afe1fd04d"
"Raj Bhat","Vikas Bhat","181 XLM","https://stellar.expert/explorer/testnet/tx/504a7931f92ba421b3037c89f1e6948da7aa590e3b98840ed1f3b723c939cb8c"
"Raj Rao","Vikram Rao","312 XLM","https://stellar.expert/explorer/testnet/tx/cbc743f9c9e12353b4a29c5113b9fb78ed0bb3d6ec8b8ad8f52d4f77ff8b9e5c"
"Raj Rao","Kiara Rao","330 XLM","https://stellar.expert/explorer/testnet/tx/88c3336950bc647da7d35d85a815409d973000879071790ab2ff07118a287e34"
"Raj Iyer","Raj Iyer","339 XLM","https://stellar.expert/explorer/testnet/tx/f49a6f34053e145e470766cec15db2ab225ba3c7653b75e67315d67030776d94"
